{
    "ddType": 2,
    "items": [
        {
            "widgetGuid": "A8CB394D-15B1-42C9-94FC-AD7BDC599E2A",
            "widgetProperties": {
                "i": "Image",
                "background": "#FFFFFF",
                "fontColor": "#343434",
                "fontFamily": "Proxima Nova",
                "fontSize": "10",
                "title": "",
                "titleAlign": "",
                "contents": {
                    "option": {
                        "imageUpload": "false",
                        "imageUrl": "true",
                        "imageDevice": "false",
                        "imageTelemetry": "false",
                        "key": "option",
                        "position": "center"
                    },
                    "upload": {
                        "imageurl": "",
                        "key": "upload"
                    },
                    "url": {
                        "imageurl": "https://saleshosted.z13.web.core.windows.net/media/ifx/psoc6AI/babytitle2.png",
                        "key": "url"
                    },
                    "device": {
                        "deviceGuid": "351BA8F7-75FF-4205-A7E5-A4D82C0CA85D",
                        "deviceName": "",
                        "imageurl": "",
                        "key": "device",
                        "deviceUniqueId": "psoc6-bm-f5af350e"
                    },
                    "telemetry": {
                        "deviceGuid": "",
                        "deviceName": "",
                        "imageurl": "",
                        "key": "telemetry"
                    }
                }
            },
            "properties": {
                "x": "0",
                "y": "0",
                "w": "67",
                "h": "9",
                "i": "Image",
                "minW": "5",
                "minH": "5",
                "isStatic": "false"
            }
        },
        {
            "widgetGuid": "6FEFF6B7-15C4-4095-A156-87A1B38D2FF5",
            "widgetProperties": {
                "i": "Transformation",
                "background": "#ffffff",
                "fontColor": "#ffffff",
                "fontFamily": "Proxima Nova",
                "fontSize": "10",
                "title": "Transformation",
                "titleAlign": "",
                "contents": {
                    "Transformation": {
                        "device": {
                            "deviceGuid": "351BA8F7-75FF-4205-A7E5-A4D82C0CA85D",
                            "deviceUniqueId": "psoc6-bm-f5af350e"
                        },
                        "attributes": {
                            "attribute": [
                                {
                                    "attributeGuid": "1D455A1A-5AC3-4F2E-87AC-534F951BA9DB",
                                    "attributeName": "confidence_baby_cry",
                                    "checked": "false",
                                    "dataType": "DECIMAL",
                                    "attributeLatestValue": "0.0060301",
                                    "deviceUpdatedDate": "2024-08-27T02:48:20.993Z",
                                    "gatewayUpdatedDate": "NA",
                                    "attributeValue": "0.0060301"
                                },
                                {
                                    "attributeGuid": "7ED43BCE-FFC6-477F-87CE-6420854379E5",
                                    "attributeName": "random",
                                    "checked": "false",
                                    "dataType": "INTEGER",
                                    "attributeLatestValue": "7",
                                    "deviceUpdatedDate": "2024-08-27T02:48:20.993Z",
                                    "gatewayUpdatedDate": "NA",
                                    "attributeValue": "7"
                                },
                                {
                                    "attributeGuid": "157FD718-1883-45B7-9FA2-933D9E3D0F28",
                                    "attributeName": "version",
                                    "checked": "false",
                                    "dataType": "STRING",
                                    "attributeLatestValue": "03.01.00",
                                    "deviceUpdatedDate": "2024-08-27T02:48:20.993Z",
                                    "gatewayUpdatedDate": "NA",
                                    "attributeValue": "03.01.00"
                                },
                                {
                                    "attributeGuid": "D6E2D11F-8693-4A53-B475-AFB2526BDDFC",
                                    "attributeName": "confidence",
                                    "checked": "false",
                                    "dataType": "DECIMAL",
                                    "attributeLatestValue": "",
                                    "deviceUpdatedDate": "2024-08-26T22:53:10.770Z",
                                    "gatewayUpdatedDate": "NA",
                                    "attributeValue": "NA"
                                },
                                {
                                    "attributeGuid": "87269F19-5976-4CAF-AE0C-BA2B727468D1",
                                    "attributeName": "class",
                                    "checked": "false",
                                    "dataType": "STRING",
                                    "attributeLatestValue": "",
                                    "deviceUpdatedDate": "2024-08-26T22:45:36.953Z",
                                    "gatewayUpdatedDate": "NA",
                                    "attributeValue": "NA"
                                },
                                {
                                    "attributeGuid": "1F1B13C7-8EDA-4D0A-82BE-E84A6BFD7C9C",
                                    "attributeName": "baby_cry_detected",
                                    "checked": "true",
                                    "dataType": "BOOLEAN",
                                    "attributeLatestValue": "True",
                                    "deviceUpdatedDate": "2024-08-27T02:48:20.993Z",
                                    "gatewayUpdatedDate": "NA",
                                    "attributeValue": "True"
                                }
                            ]
                        },
                        "key": "Transformation",
                        "transformations": [
                            {
                                "condition": "eq",
                                "conditionValue": "true",
                                "type": "Url",
                                "errors": "",
                                "typeValue": "https://saleshosted.z13.web.core.windows.net/media/ifx/psoc6AI/crying.gif"
                            },
                            {
                                "condition": "eq",
                                "conditionValue": "false",
                                "type": "Url",
                                "errors": "",
                                "typeValue": "https://saleshosted.z13.web.core.windows.net/media/ifx/psoc6AI/quiet1.gif"
                            }
                        ],
                        "position": "center"
                    }
                }
            },
            "properties": {
                "x": "0",
                "y": "9",
                "w": "18",
                "h": "17",
                "i": "Transformation",
                "minW": "7",
                "minH": "4",
                "isStatic": "false"
            }
        },
        {
            "widgetGuid": "54D7CC1A-AB35-499E-85D7-2BC3D17526B0",
            "widgetProperties": {
                "i": "pie",
                "background": "#fff",
                "fontColor": "#343434",
                "fontFamily": "Proxima Nova",
                "fontSize": "20",
                "title": "Baby Cry over 10 minutes",
                "titleAlign": "",
                "contents": {
                    "pie": {
                        "device": {
                            "deviceGuid": "351BA8F7-75FF-4205-A7E5-A4D82C0CA85D",
                            "deviceUniqueId": "psoc6-bm-f5af350e"
                        },
                        "attributes": {
                            "attribute": [
                                {
                                    "attributeGuid": "1D455A1A-5AC3-4F2E-87AC-534F951BA9DB",
                                    "attributeName": "confidence_baby_cry",
                                    "checked": "false",
                                    "dataType": "DECIMAL",
                                    "attributeLatestValue": "0.0060301",
                                    "deviceUpdatedDate": "2024-08-27T02:48:20.993Z",
                                    "gatewayUpdatedDate": "NA",
                                    "attributeValue": "0.0060301"
                                },
                                {
                                    "attributeGuid": "7ED43BCE-FFC6-477F-87CE-6420854379E5",
                                    "attributeName": "random",
                                    "checked": "false",
                                    "dataType": "INTEGER",
                                    "attributeLatestValue": "7",
                                    "deviceUpdatedDate": "2024-08-27T02:48:20.993Z",
                                    "gatewayUpdatedDate": "NA",
                                    "attributeValue": "7"
                                },
                                {
                                    "attributeGuid": "157FD718-1883-45B7-9FA2-933D9E3D0F28",
                                    "attributeName": "version",
                                    "checked": "false",
                                    "dataType": "STRING",
                                    "attributeLatestValue": "03.01.00",
                                    "deviceUpdatedDate": "2024-08-27T02:48:20.993Z",
                                    "gatewayUpdatedDate": "NA",
                                    "attributeValue": "03.01.00"
                                },
                                {
                                    "attributeGuid": "D6E2D11F-8693-4A53-B475-AFB2526BDDFC",
                                    "attributeName": "confidence",
                                    "checked": "false",
                                    "dataType": "DECIMAL",
                                    "attributeLatestValue": "",
                                    "deviceUpdatedDate": "2024-08-26T22:53:10.770Z",
                                    "gatewayUpdatedDate": "NA",
                                    "attributeValue": "NA"
                                },
                                {
                                    "attributeGuid": "87269F19-5976-4CAF-AE0C-BA2B727468D1",
                                    "attributeName": "class",
                                    "checked": "false",
                                    "dataType": "STRING",
                                    "attributeLatestValue": "",
                                    "deviceUpdatedDate": "2024-08-26T22:45:36.953Z",
                                    "gatewayUpdatedDate": "NA",
                                    "attributeValue": "NA"
                                },
                                {
                                    "attributeGuid": "1F1B13C7-8EDA-4D0A-82BE-E84A6BFD7C9C",
                                    "attributeName": "baby_cry_detected",
                                    "checked": "true",
                                    "dataType": "BOOLEAN",
                                    "attributeLatestValue": "True",
                                    "deviceUpdatedDate": "2024-08-27T02:48:20.993Z",
                                    "gatewayUpdatedDate": "NA",
                                    "attributeValue": "True"
                                }
                            ]
                        },
                        "pieTime": "50",
                        "key": "pie",
                        "recentEndPoints": "50"
                    }
                }
            },
            "properties": {
                "x": "18",
                "y": "9",
                "w": "10",
                "h": "8",
                "i": "pie",
                "minW": "8",
                "minH": "8",
                "maxH": "12",
                "maxW": "12",
                "isStatic": "false"
            }
        },
        {
            "widgetGuid": "E1C837D5-D575-44AB-8D1D-EEFBB3DF5940",
            "widgetProperties": {
                "i": "Embedded",
                "background": "#ffffff",
                "fontColor": "#343434",
                "fontFamily": "Proxima Nova",
                "fontSize": "20",
                "title": "Baby Simulator",
                "titleAlign": "center",
                "contents": {
                    "embedded": {
                        "link": "https://www.youtube.com/embed/quanKPuMklY?si=0nUCd7FA1B5V5QoB&loop=1&playlist=quanKPuMklY",
                        "refresh": "",
                        "key": "embedded"
                    }
                }
            },
            "properties": {
                "x": "28",
                "y": "9",
                "w": "16",
                "h": "12",
                "i": "Embedded",
                "minW": "15",
                "minH": "12",
                "isStatic": "false"
            }
        },
        {
            "widgetGuid": "E413CDFD-54EB-465E-BA97-CE610867E440",
            "widgetProperties": {
                "i": "DeviceCommand",
                "background": "#fff",
                "fontColor": "#000",
                "fontFamily": "Proxima Nova",
                "fontSize": "18",
                "title": "Cloud to Device Command",
                "titleAlign": "",
                "contents": {
                    "deviceCommand": {
                        "template": "9C745A92-93D2-46B6-A944-5C4CBBAC9707",
                        "device": "psoc6-bm-f5af350e",
                        "key": "deviceCommand",
                        "deviceGuid": "351BA8F7-75FF-4205-A7E5-A4D82C0CA85D"
                    }
                }
            },
            "properties": {
                "x": "44",
                "y": "9",
                "w": "22",
                "h": "12",
                "i": "DeviceCommand",
                "minW": "22",
                "minH": "10",
                "maxH": "20",
                "maxW": "35",
                "isStatic": "false"
            }
        },
        {
            "widgetGuid": "21A18C90-2DBC-4283-89D2-B01E1B70E363",
            "widgetProperties": {
                "i": "gauge",
                "background": "#fff",
                "fontColor": "#343434",
                "fontFamily": "Proxima Nova",
                "fontSize": "20",
                "title": "Baby Cry Confidence %",
                "titleAlign": "",
                "contents": {
                    "gauge": {
                        "device": {
                            "deviceGuid": "351BA8F7-75FF-4205-A7E5-A4D82C0CA85D",
                            "deviceUniqueId": "psoc6-bm-f5af350e"
                        },
                        "attributes": {
                            "attribute": [
                                {
                                    "attributeGuid": "1D455A1A-5AC3-4F2E-87AC-534F951BA9DB",
                                    "attributeName": "confidence_baby_cry",
                                    "checked": "true",
                                    "dataType": "DECIMAL",
                                    "attributeLatestValue": "0.0002892",
                                    "deviceUpdatedDate": "2024-08-27T02:16:10.970Z",
                                    "gatewayUpdatedDate": "NA",
                                    "attributeValue": "0.0002892"
                                },
                                {
                                    "attributeGuid": "7ED43BCE-FFC6-477F-87CE-6420854379E5",
                                    "attributeName": "random",
                                    "checked": "false",
                                    "dataType": "INTEGER",
                                    "attributeLatestValue": "43",
                                    "deviceUpdatedDate": "2024-08-27T02:16:10.970Z",
                                    "gatewayUpdatedDate": "NA",
                                    "attributeValue": "43"
                                },
                                {
                                    "attributeGuid": "D6E2D11F-8693-4A53-B475-AFB2526BDDFC",
                                    "attributeName": "confidence",
                                    "checked": "false",
                                    "dataType": "DECIMAL",
                                    "attributeLatestValue": "",
                                    "deviceUpdatedDate": "2024-08-26T22:53:10.770Z",
                                    "gatewayUpdatedDate": "NA",
                                    "attributeValue": "NA"
                                }
                            ]
                        },
                        "minValue": "0",
                        "maxValue": "100",
                        "version": "2.0",
                        "zones": [
                            {
                                "zoneColor": "#d0021b",
                                "zoneName": "red",
                                "upToValue": "70",
                                "showColorPicker": "false"
                            },
                            {
                                "zoneName": "yellow",
                                "zoneColor": "#f8e71c",
                                "upToValue": "85",
                                "showColorPicker": "false"
                            },
                            {
                                "zoneName": "86",
                                "zoneColor": "#7ed321",
                                "upToValue": "100",
                                "showColorPicker": "false"
                            }
                        ],
                        "key": "gauge"
                    }
                }
            },
            "properties": {
                "x": "18",
                "y": "17",
                "w": "10",
                "h": "9",
                "i": "gauge",
                "minW": "10",
                "minH": "9",
                "maxH": "15",
                "maxW": "16",
                "isStatic": "false"
            }
        },
        {
            "widgetGuid": "57E7E7D3-DE04-4CE3-84C3-63D9CC473F75",
            "widgetProperties": {
                "i": "HyperLink",
                "background": "#78b6ff",
                "fontColor": "#000000",
                "fontFamily": "Proxima Nova",
                "fontSize": "20",
                "title": "CY8CKIT-062S2-AI Product Page",
                "titleAlign": "center",
                "contents": {
                    "hyperlink": {
                        "link": "https://www.infineon.com/cms/en/product/evaluation-boards/cy8ckit-062s2-ai/",
                        "key": "hyperlink"
                    }
                }
            },
            "properties": {
                "x": "28",
                "y": "21",
                "w": "15",
                "h": "2",
                "i": "HyperLink",
                "minW": "5",
                "minH": "2",
                "maxH": "2",
                "isStatic": "false"
            }
        },
        {
            "widgetGuid": "57E7E7D3-DE04-4CE3-84C3-63D9CC473F75",
            "widgetProperties": {
                "i": "HyperLink",
                "background": "#78b6ff",
                "fontColor": "#000000",
                "fontFamily": "Proxima Nova",
                "fontSize": "20",
                "title": "GitHub Source Code",
                "titleAlign": "center",
                "contents": {
                    "hyperlink": {
                        "link": "https://github.com/avnet-iotconnect/avnet-iotc-mtb-ai-baby-monitor/",
                        "key": "hyperlink"
                    }
                }
            },
            "properties": {
                "x": "43",
                "y": "21",
                "w": "15",
                "h": "2",
                "i": "HyperLink",
                "minW": "5",
                "minH": "2",
                "maxH": "2",
                "isStatic": "false"
            }
        },
        {
            "widgetGuid": "F7979C1B-8637-4667-90A2-6961052C6E21",
            "widgetProperties": {
                "i": "Live",
                "background": "#ffffff",
                "fontColor": "#000000",
                "fontFamily": "Proxima Nova",
                "fontSize": "20",
                "title": "FW Version",
                "titleAlign": "",
                "contents": {
                    "attributeValue": {
                        "attributeName": "version",
                        "key": "attributeValue"
                    },
                    "attributeTime": {
                        "attributeName": "version",
                        "key": "attributeTime"
                    },
                    "live": {
                        "device": {
                            "deviceGuid": "351BA8F7-75FF-4205-A7E5-A4D82C0CA85D",
                            "deviceUniqueId": "psoc6-bm-f5af350e"
                        },
                        "attributes": {
                            "attribute": [
                                {
                                    "attributeGuid": "1D455A1A-5AC3-4F2E-87AC-534F951BA9DB",
                                    "attributeName": "confidence_baby_cry",
                                    "checked": "false",
                                    "dataType": "DECIMAL",
                                    "attributeLatestValue": "0.0052749",
                                    "deviceUpdatedDate": "2024-08-27T00:40:57.487Z",
                                    "gatewayUpdatedDate": "NA",
                                    "attributeValue": "0.0052749"
                                },
                                {
                                    "attributeGuid": "7ED43BCE-FFC6-477F-87CE-6420854379E5",
                                    "attributeName": "random",
                                    "checked": "false",
                                    "dataType": "INTEGER",
                                    "attributeLatestValue": "46",
                                    "deviceUpdatedDate": "2024-08-27T00:40:57.487Z",
                                    "gatewayUpdatedDate": "NA",
                                    "attributeValue": "46"
                                },
                                {
                                    "attributeGuid": "157FD718-1883-45B7-9FA2-933D9E3D0F28",
                                    "attributeName": "version",
                                    "checked": "true",
                                    "dataType": "STRING",
                                    "attributeLatestValue": "03.01.00",
                                    "deviceUpdatedDate": "2024-08-27T00:40:57.487Z",
                                    "gatewayUpdatedDate": "NA",
                                    "attributeValue": "03.01.00"
                                },
                                {
                                    "attributeGuid": "D6E2D11F-8693-4A53-B475-AFB2526BDDFC",
                                    "attributeName": "confidence",
                                    "checked": "false",
                                    "dataType": "DECIMAL",
                                    "attributeLatestValue": "",
                                    "deviceUpdatedDate": "2024-08-26T22:53:10.770Z",
                                    "gatewayUpdatedDate": "NA",
                                    "attributeValue": "NA"
                                },
                                {
                                    "attributeGuid": "87269F19-5976-4CAF-AE0C-BA2B727468D1",
                                    "attributeName": "class",
                                    "checked": "false",
                                    "dataType": "STRING",
                                    "attributeLatestValue": "",
                                    "deviceUpdatedDate": "2024-08-26T22:45:36.953Z",
                                    "gatewayUpdatedDate": "NA",
                                    "attributeValue": "NA"
                                },
                                {
                                    "attributeGuid": "1F1B13C7-8EDA-4D0A-82BE-E84A6BFD7C9C",
                                    "attributeName": "baby_cry_detected",
                                    "checked": "false",
                                    "dataType": "BOOLEAN",
                                    "attributeLatestValue": "False",
                                    "deviceUpdatedDate": "2024-08-27T00:40:57.487Z",
                                    "gatewayUpdatedDate": "NA",
                                    "attributeValue": "False"
                                }
                            ]
                        },
                        "rules": "",
                        "key": "live"
                    }
                }
            },
            "properties": {
                "x": "59",
                "y": "21",
                "w": "7",
                "h": "4",
                "i": "Live",
                "minW": "7",
                "minH": "4",
                "maxH": "4",
                "isStatic": "false"
            }
        },
        {
            "widgetGuid": "57E7E7D3-DE04-4CE3-84C3-63D9CC473F75",
            "widgetProperties": {
                "i": "HyperLink",
                "background": "#78b6ff",
                "fontColor": "#000000",
                "fontFamily": "Proxima Nova",
                "fontSize": "20",
                "title": "Avnet Design Hub",
                "titleAlign": "center",
                "contents": {
                    "hyperlink": {
                        "link": "https://www.avnet.com/wps/portal/us/design/cy8ckit-062s2-ai-evaluation-kit-based-on-infineon",
                        "key": "hyperlink"
                    }
                }
            },
            "properties": {
                "x": "28",
                "y": "23",
                "w": "15",
                "h": "2",
                "i": "HyperLink",
                "minW": "5",
                "minH": "2",
                "maxH": "2",
                "isStatic": "false"
            }
        },
        {
            "widgetGuid": "57E7E7D3-DE04-4CE3-84C3-63D9CC473F75",
            "widgetProperties": {
                "i": "HyperLink",
                "background": "#78b6ff",
                "fontColor": "#000000",
                "fontFamily": "Proxima Nova",
                "fontSize": "20",
                "title": "IoTConnect  Home",
                "titleAlign": "center",
                "contents": {
                    "hyperlink": {
                        "link": "https://www.iotconnect.io/",
                        "key": "hyperlink"
                    }
                }
            },
            "properties": {
                "x": "43",
                "y": "23",
                "w": "15",
                "h": "2",
                "i": "HyperLink",
                "minW": "5",
                "minH": "2",
                "maxH": "2",
                "isStatic": "false"
            }
        }
    ]
}